id,district,address,latitude,longitude,created_at,updated_at
2,강남구,강남대로 240,37.4853157,127.034433,2024-11-24 15:35:55,2024-11-24 21:21:28
3,강남구,강남대로 262,37.4871884,127.0333862,2024-11-24 15:35:55,2024-11-24 21:21:29
4,강남구,강남대로 318,37.4915876,127.0312188,2024-11-24 15:35:55,2024-11-24 21:21:30
5,강남구,강남대로 328,37.4923649,127.0307371,2024-11-24 15:35:55,2024-11-24 21:21:30
6,강남구,강남대로 362,37.4953448,127.0295828,2024-11-24 15:35:55,2024-11-24 21:21:30
7,강남구,강남대로 382,37.4974574,127.0288232,2024-11-24 15:35:55,2024-11-24 21:21:31
8,강남구,강남대로 408,37.4992295,127.0276046,2024-11-24 15:35:55,2024-11-24 21:21:31
9,강남구,강남대로 412,37.479897228355874,127.0383133357395,2024-11-24 15:35:55,2024-11-24 21:21:32
10,강남구,강남대로 416,37.479897228355874,127.0383133357395,2024-11-24 15:35:55,2024-11-24 21:21:33
11,강남구,강남대로 430,37.479897228355874,127.0383133357395,2024-11-24 15:35:55,2024-11-24 21:21:33
12,강남구,강남대로 450,37.502624850000004,127.02591450597224,2024-11-24 15:35:55,2024-11-24 21:21:34
13,강남구,강남대로 468,37.50417695,127.02514074999999,2024-11-24 15:35:55,2024-11-24 21:21:34
14,강남구,강남대로 484,37.479897228355874,127.0383133357395,2024-11-24 15:35:55,2024-11-24 21:21:35
15,강남구,강남대로 506,37.5075357,127.0234335,2024-11-24 15:35:55,2024-11-24 21:21:35
16,강남구,강남대로 528,37.479897228355874,127.0383133357395,2024-11-24 15:35:55,2024-11-24 21:21:35
17,강남구,강남대로 574,37.479897228355874,127.0383133357395,2024-11-24 15:35:55,2024-11-24 21:21:36
18,강남구,강남대로 600,37.479897228355874,127.0383133357395,2024-11-24 15:35:55,2024-11-24 21:21:37
19,강남구,강남대로 606,37.479897228355874,127.0383133357395,2024-11-24 15:35:55,2024-11-24 21:21:37
20,강남구,강남대로 616,37.5168502,127.0197412,2024-11-24 15:35:55,2024-11-24 21:21:37
21,강남구,강남대로 624,37.51752705,127.01954575972584,2024-11-24 15:35:55,2024-11-24 21:21:38
22,강남구,개포동 1248(개포로),37.48725122257487,127.06176132461775,2024-11-24 15:35:55,2024-11-24 21:21:38
23,강남구,개포동 184-2(영동대로),37.48908841868045,127.07388762768744,2024-11-24 15:35:55,2024-11-24 21:21:40
24,강남구,개포동 647(선릉로),37.4792126,127.06478544999999,2024-11-24 15:35:55,2024-11-24 21:21:40
27,강남구,개포로 205,37.491394619990906,127.0727728090535,2024-11-24 15:35:55,2024-11-24 21:21:42
28,강남구,개포로 211,37.479388705629454,127.05079788648855,2024-11-24 15:35:55,2024-11-24 21:21:42
29,강남구,개포로 224,37.479388705629454,127.05079788648855,2024-11-24 15:35:55,2024-11-24 21:21:43
30,강남구,개포로 261,37.479388705629454,127.05079788648855,2024-11-24 15:35:55,2024-11-24 21:21:44
31,강남구,개포로 264,37.4786426,127.05391,2024-11-24 15:35:55,2024-11-24 21:21:44
32,강남구,개포로 416,37.479388705629454,127.05079788648855,2024-11-24 15:35:55,2024-11-24 21:21:45
33,강남구,개포로 509,37.479388705629454,127.05079788648855,2024-11-24 15:35:55,2024-11-24 21:21:45
34,강남구,개포로 513,37.4903771,127.07003083234636,2024-11-24 15:35:55,2024-11-24 21:21:46
35,강남구,개포로 516,37.48744295,127.07198569452021,2024-11-24 15:35:55,2024-11-24 21:21:46
36,강남구,개포로110길 15,37.491500599999995,127.07744764031243,2024-11-24 15:35:55,2024-11-24 21:21:46
37,강남구,개포로110길 50,37.491563162687335,127.07673433356472,2024-11-24 15:35:55,2024-11-24 21:21:47
38,강남구,개포로22길,37.47587220002102,127.0503055534019,2024-11-24 15:35:55,2024-11-24 21:21:47
39,강남구,개포로22길 65,37.4761416,127.05130791368433,2024-11-24 15:35:55,2024-11-24 21:21:48
40,강남구,광평로 115,37.48745077240698,127.10212531606713,2024-11-24 15:35:55,2024-11-24 21:21:48
41,강남구,광평로 280,37.4873332,127.1031697,2024-11-24 15:35:55,2024-11-24 21:21:49
42,강남구,광평로10길 6,37.4818964,127.0775402,2024-11-24 15:35:55,2024-11-24 21:21:49
44,강남구,광평로39길 3,37.4853284,127.0965424,2024-11-24 15:35:55,2024-11-24 21:21:50
45,강남구,광평로51길 27,37.488567149999994,127.10176867617406,2024-11-24 15:35:55,2024-11-24 21:21:51
46,강남구,남부순환로 2729,37.4863687,127.0446181,2024-11-24 15:35:55,2024-11-24 21:21:52
47,강남구,남부순환로 2736,37.49482982017815,126.85180199800612,2024-11-24 15:35:55,2024-11-24 21:21:52
48,강남구,남부순환로 2747,37.49482982017815,126.85180199800612,2024-11-24 15:35:55,2024-11-24 21:21:53
49,강남구,남부순환로 2748,37.49482982017815,126.85180199800612,2024-11-24 15:35:55,2024-11-24 21:21:53
50,강남구,남부순환로 2753,37.4874598,127.047161,2024-11-24 15:35:55,2024-11-24 21:21:54
51,강남구,남부순환로 2807,37.49482982017815,126.85180199800612,2024-11-24 15:35:55,2024-11-24 21:21:54
52,강남구,남부순환로 2909,37.49218995,127.05746583355238,2024-11-24 15:35:55,2024-11-24 21:21:54
53,강남구,남부순환로 2912,37.4906935,127.0561248,2024-11-24 15:35:55,2024-11-24 21:21:55
54,강남구,남부순환로 2913,37.49276015,127.0585860489284,2024-11-24 15:35:55,2024-11-24 21:21:55
55,강남구,남부순환로 2935,37.49398945,127.0613581071909,2024-11-24 15:35:55,2024-11-24 21:21:56
56,강남구,남부순환로 3104,37.4957954,127.0718249,2024-11-24 15:35:55,2024-11-24 21:21:56
57,강남구,논현로 142,37.4824305,127.0430689,2024-11-24 15:35:55,2024-11-24 21:21:57
58,강남구,논현로 38,37.527031343791926,127.02849053543835,2024-11-24 15:35:55,2024-11-24 21:21:58
59,강남구,논현로 404,37.496227,127.0394264,2024-11-24 15:35:55,2024-11-24 21:21:58
60,강남구,논현로 405,37.4962453,127.0387312,2024-11-24 15:35:55,2024-11-24 21:21:59
61,강남구,논현로 432,37.527031343791926,127.02849053543835,2024-11-24 15:35:55,2024-11-24 21:21:59
62,강남구,논현로 507,37.5017013,127.0360065,2024-11-24 15:35:55,2024-11-24 21:22:00
63,강남구,논현로 508,37.5021006,127.0368278,2024-11-24 15:35:55,2024-11-24 21:22:00
64,강남구,논현로 528,37.5036661,127.0359323,2024-11-24 15:35:55,2024-11-24 21:22:01
65,강남구,논현로 529,37.503506,127.0352589,2024-11-24 15:35:55,2024-11-24 21:22:01
66,강남구,논현로 545,37.5049275,127.0346876,2024-11-24 15:35:55,2024-11-24 21:22:01
67,강남구,논현로 548,37.527031343791926,127.02849053543835,2024-11-24 15:35:55,2024-11-24 21:22:02
68,강남구,논현로 557,37.527031343791926,127.02849053543835,2024-11-24 15:35:55,2024-11-24 21:22:03
69,강남구,논현로 569,37.4836583,127.04179395,2024-11-24 15:35:55,2024-11-24 21:22:03
70,강남구,논현로 605,37.527031343791926,127.02849053543835,2024-11-24 15:35:55,2024-11-24 21:22:04
71,강남구,논현로 608,37.527031343791926,127.02849053543835,2024-11-24 15:35:55,2024-11-24 21:22:04
72,강남구,논현로 634,37.5102087,127.0328599,2024-11-24 15:35:55,2024-11-24 21:22:05
73,강남구,논현로 648,37.5115837,127.0322268,2024-11-24 15:35:55,2024-11-24 21:22:05
74,강남구,논현로 667,37.5136618,127.0305198,2024-11-24 15:35:55,2024-11-24 21:22:06
76,강남구,논현로 705,37.5149421,127.0298952,2024-11-24 15:35:55,2024-11-24 21:22:06
78,강남구,논현로 722,37.5166673,127.0298356,2024-11-24 15:35:55,2024-11-24 21:22:07
79,강남구,논현로 743,37.5181705,127.028492,2024-11-24 15:35:55,2024-11-24 21:22:08
80,강남구,논현로 82,37.527031343791926,127.02849053543835,2024-11-24 15:35:55,2024-11-24 21:22:09
81,강남구,논현로 822,37.527031343791926,127.02849053543835,2024-11-24 15:35:55,2024-11-24 21:22:09
82,강남구,논현로 837,37.5232993,127.0280282,2024-11-24 15:35:55,2024-11-24 21:22:11
83,강남구,논현로 838,37.527031343791926,127.02849053543835,2024-11-24 15:35:55,2024-11-24 21:22:11
84,강남구,논현로 854,37.5254254,127.0288985,2024-11-24 15:35:55,2024-11-24 21:22:11
85,강남구,논현로 857,37.525248,127.028089,2024-11-24 15:35:55,2024-11-24 21:22:12
86,강남구,논현로 859,37.5256388,127.0281925,2024-11-24 15:35:55,2024-11-24 21:22:12
87,강남구,논현로 878,37.5270688,127.0290061,2024-11-24 15:35:55,2024-11-24 21:22:13
88,강남구,대치동 212-1(삼성로),37.4995879,127.0658454,2024-11-24 15:35:55,2024-11-24 21:22:13
89,강남구,대치동 449(삼성로),37.502836597536415,127.05886291646404,2024-11-24 15:35:55,2024-11-24 21:22:14
90,강남구,도곡로 112,37.4896625,127.0328849,2024-11-24 15:35:55,2024-11-24 21:22:14
91,강남구,도곡로 121,37.4904409,127.0336559,2024-11-24 15:35:55,2024-11-24 21:22:15
92,강남구,도곡로 175,37.4919597,127.0385723,2024-11-24 15:35:55,2024-11-24 21:22:15
93,강남구,도곡로 176,37.50019101675551,127.06490130151877,2024-11-24 15:35:55,2024-11-24 21:22:16
94,강남구,도곡로 213,37.4930701,127.0421238,2024-11-24 15:35:55,2024-11-24 21:22:16
95,강남구,도곡로 214,37.50019101675551,127.06490130151877,2024-11-24 15:35:55,2024-11-24 21:22:17
96,강남구,도곡로 253,37.50019101675551,127.06490130151877,2024-11-24 15:35:55,2024-11-24 21:22:18
97,강남구,도곡로 327,37.50019101675551,127.06490130151877,2024-11-24 15:35:55,2024-11-24 21:22:18
98,강남구,도곡로 404,37.50514516815274,127.0776238400922,2024-11-24 15:35:55,2024-11-24 21:22:18
99,강남구,도곡로 407,37.497287099999994,127.05497712228882,2024-11-24 15:35:55,2024-11-24 21:22:19
100,강남구,도곡로 418,37.49699445,127.05630455,2024-11-24 15:35:55,2024-11-24 21:22:19
101,강남구,도곡로 421,37.50019101675551,127.06490130151877,2024-11-24 15:35:55,2024-11-24 21:22:20
102,강남구,도곡로 435,37.49828945,127.05808379738971,2024-11-24 15:35:55,2024-11-24 21:22:20
103,강남구,도곡로 440,37.4978916,127.05866681588967,2024-11-24 15:35:55,2024-11-24 21:22:21
104,강남구,도곡로 449,37.4988336,127.0596024,2024-11-24 15:35:55,2024-11-24 21:22:21
105,강남구,도곡로 458,37.498342199999996,127.06054292427618,2024-11-24 15:35:55,2024-11-24 21:22:22
106,강남구,도곡로 501,37.4993057,127.06114458339799,2024-11-24 15:35:55,2024-11-24 21:22:22
107,강남구,도곡로 504,37.4987954,127.06162716559214,2024-11-24 15:35:55,2024-11-24 21:22:23
108,강남구,도곡로 516,37.49912035,127.06301375376137,2024-11-24 15:35:55,2024-11-24 21:22:24
109,강남구,도곡로 531,37.500328,127.0645286,2024-11-24 15:35:55,2024-11-24 21:22:24
110,강남구,도곡로43길 21,37.495563608506004,127.04798442274472,2024-11-24 15:35:55,2024-11-24 21:22:25
111,강남구,도산대로 106,37.516778850301066,127.02092249864289,2024-11-24 15:35:55,2024-11-24 21:22:25
112,강남구,도산대로 107,37.5167766,127.0201032,2024-11-24 15:35:55,2024-11-24 21:22:26
113,강남구,도산대로 111,37.516778850301066,127.02092249864289,2024-11-24 15:35:55,2024-11-24 21:22:26
114,강남구,도산대로 114,37.5163772,127.0212994,2024-11-24 15:35:55,2024-11-24 21:22:26
115,강남구,도산대로 120,37.5167444,127.0219094,2024-11-24 15:35:55,2024-11-24 21:22:27
116,강남구,도산대로 127,37.5176251,127.0223666,2024-11-24 15:35:55,2024-11-24 21:22:27
117,강남구,도산대로 134,37.5173312,127.0234491,2024-11-24 15:35:55,2024-11-24 21:22:28
118,강남구,도산대로 157,37.516778850301066,127.02092249864289,2024-11-24 15:35:55,2024-11-24 21:22:28
119,강남구,도산대로 173,37.516778850301066,127.02092249864289,2024-11-24 15:35:55,2024-11-24 21:22:29
120,강남구,도산대로 202,37.516778850301066,127.02092249864289,2024-11-24 15:35:55,2024-11-24 21:22:29
121,강남구,도산대로 218,37.516778850301066,127.02092249864289,2024-11-24 15:35:55,2024-11-24 21:22:30
122,강남구,도산대로 221,37.516778850301066,127.02092249864289,2024-11-24 15:35:55,2024-11-24 21:22:30
123,강남구,도산대로 239,37.516778850301066,127.02092249864289,2024-11-24 15:35:55,2024-11-24 21:22:31
124,강남구,도산대로 240,37.5210299,127.0336200512647,2024-11-24 15:35:55,2024-11-24 21:22:32
125,강남구,도산대로 306,37.5213931,127.0349519,2024-11-24 15:35:55,2024-11-24 21:22:32
126,강남구,도산대로 307,37.516778850301066,127.02092249864289,2024-11-24 15:35:55,2024-11-24 21:22:33
127,강남구,도산대로 318,37.5220226,127.0363787,2024-11-24 15:35:55,2024-11-24 21:22:33
128,강남구,도산대로 327,37.5231234,127.0376163,2024-11-24 15:35:55,2024-11-24 21:22:34
129,강남구,도산대로 336,37.516778850301066,127.02092249864289,2024-11-24 15:35:55,2024-11-24 21:22:34
130,강남구,도산대로 419,37.5238742,127.0416573,2024-11-24 15:35:55,2024-11-24 21:22:34
131,강남구,도산대로 420,37.5231226,127.0416433,2024-11-24 15:35:55,2024-11-24 21:22:35
132,강남구,도산대로 442,37.5232512,127.0440572,2024-11-24 15:35:55,2024-11-24 21:22:35
133,강남구,도산대로 443,37.5241536,127.0444891,2024-11-24 15:35:55,2024-11-24 21:22:36
134,강남구,도산대로 459,37.524403649999996,127.04688612636991,2024-11-24 15:35:55,2024-11-24 21:22:36
135,강남구,도산대로 502,37.5239527,127.0478449,2024-11-24 15:35:55,2024-11-24 21:22:37
136,강남구,도산대로 511,37.5248037,127.049198,2024-11-24 15:35:55,2024-11-24 21:22:37
137,강남구,도산대로 521,37.5248727,127.0504024,2024-11-24 15:35:55,2024-11-24 21:22:38
138,강남구,도산대로 524,37.516778850301066,127.02092249864289,2024-11-24 15:35:55,2024-11-24 21:22:39
139,강남구,도산대로 532,37.52434065,127.05156830810523,2024-11-24 15:35:55,2024-11-24 21:22:39
140,강남구,도산대로 536,37.5243284,127.05254791649214,2024-11-24 15:35:55,2024-11-24 21:22:40
141,강남구,밤고개로 286,37.46912865,127.10687327017865,2024-11-24 15:35:55,2024-11-24 21:22:40
142,강남구,밤고개로 99,37.4837329,127.105365,2024-11-24 15:35:55,2024-11-24 21:22:41
143,강남구,봉은사로 110,37.50559905986752,127.028031956156,2024-11-24 15:35:55,2024-11-24 21:22:41
144,강남구,봉은사로 111,37.5051881,127.0257388,2024-11-24 15:35:55,2024-11-24 21:22:41
145,강남구,봉은사로 129,37.5057809,127.0281405,2024-11-24 15:35:55,2024-11-24 21:22:42
146,강남구,봉은사로 150,37.506129,127.0312099,2024-11-24 15:35:55,2024-11-24 21:22:42
147,강남구,봉은사로 204,37.50559905986752,127.028031956156,2024-11-24 15:35:55,2024-11-24 21:22:43
148,강남구,봉은사로 209,37.5079384,127.0350281,2024-11-24 15:35:55,2024-11-24 21:22:43
149,강남구,봉은사로 210,37.5074168,127.0353749,2024-11-24 15:35:55,2024-11-24 21:22:44
150,강남구,봉은사로 220,37.50559905986752,127.028031956156,2024-11-24 15:35:55,2024-11-24 21:22:45
151,강남구,봉은사로 229,37.50559905986752,127.028031956156,2024-11-24 15:35:55,2024-11-24 21:22:45
152,강남구,봉은사로 302,37.5086819,127.0395068,2024-11-24 15:35:55,2024-11-24 21:22:46
153,강남구,봉은사로 306,37.5091131,127.0406814,2024-11-24 15:35:55,2024-11-24 21:22:46
154,강남구,봉은사로 323,37.50559905986752,127.028031956156,2024-11-24 15:35:55,2024-11-24 21:22:47
155,강남구,봉은사로 328,37.51545205,127.0666319,2024-11-24 15:35:55,2024-11-24 21:22:47
156,강남구,봉은사로 410,37.5103015,127.0454179,2024-11-24 15:35:55,2024-11-24 21:22:48
157,강남구,봉은사로 419,37.5111921,127.0459885,2024-11-24 15:35:55,2024-11-24 21:22:55
158,강남구,봉은사로 422,37.5106623,127.0463903,2024-11-24 15:35:55,2024-11-24 21:22:55
159,강남구,봉은사로 435,37.50559905986752,127.028031956156,2024-11-24 15:35:55,2024-11-24 21:22:56
160,강남구,봉은사로 471,37.5127589,127.0512596,2024-11-24 15:35:55,2024-11-24 21:22:56
161,강남구,봉은사로 476,37.50559905986752,127.028031956156,2024-11-24 15:35:55,2024-11-24 21:22:56
162,강남구,봉은사로 479,37.5131645,127.0527149,2024-11-24 15:35:55,2024-11-24 21:22:57
163,강남구,봉은사로 502,37.5128096,127.0537676,2024-11-24 15:35:55,2024-11-24 21:22:58
164,강남구,봉은사로 516,37.5132427,127.0560013,2024-11-24 15:35:55,2024-11-24 21:22:58
165,강남구,봉은사로 524,37.5128251,127.05726453842195,2024-11-24 15:35:55,2024-11-24 21:22:59
166,강남구,봉은사로 531,37.5151321,127.05679437279517,2024-11-24 15:35:55,2024-11-24 21:22:59
167,강남구,봉은사로 535,37.50559905986752,127.028031956156,2024-11-24 15:35:55,2024-11-24 21:23:00
168,강남구,봉은사로 541,37.5143484,127.0591806,2024-11-24 15:35:55,2024-11-24 21:23:00
169,강남구,봉은사로 612,37.50559905986752,127.028031956156,2024-11-24 15:35:55,2024-11-24 21:23:00
170,강남구,봉은사로 623,37.5151485,127.0635832,2024-11-24 15:35:55,2024-11-24 21:23:01
171,강남구,봉은사로 633,37.51545205,127.0666319,2024-11-24 15:35:55,2024-11-24 21:23:02
172,강남구,봉은사로 634,37.5147462,127.0647449,2024-11-24 15:35:55,2024-11-24 21:23:02
173,강남구,봉은사로 645,37.50559905986752,127.028031956156,2024-11-24 15:35:55,2024-11-24 21:23:03
174,강남구,봉은사로114길 32,37.512986,127.0653995,2024-11-24 15:35:55,2024-11-24 21:23:03
175,강남구,삼성동 75(봉은사로),37.513622214036346,127.0567549377624,2024-11-24 15:35:55,2024-11-24 21:23:04
176,강남구,삼성로 11,37.4841701,127.0673467,2024-11-24 15:35:55,2024-11-24 21:23:05
177,강남구,삼성로 14,37.48370535,127.06955992646456,2024-11-24 15:35:55,2024-11-24 21:23:05
178,강남구,삼성로 150,37.4933995,127.0673796,2024-11-24 15:35:55,2024-11-24 21:23:05
179,강남구,삼성로 151,37.4921329,127.0625947,2024-11-24 15:35:55,2024-11-24 21:23:06
180,강남구,삼성로 155,37.4937812,127.06292544229905,2024-11-24 15:35:55,2024-11-24 21:23:06
181,강남구,삼성로 212,37.495467399999995,127.06341594513441,2024-11-24 15:35:55,2024-11-24 21:23:07
182,강남구,삼성로 233,37.49804145,127.06094453943729,2024-11-24 15:35:55,2024-11-24 21:23:07
183,강남구,삼성로 236,37.49831245,127.06140780991232,2024-11-24 15:35:55,2024-11-24 21:23:08
184,강남구,삼성로 29,37.487175,127.065613,2024-11-24 15:35:55,2024-11-24 21:23:09
185,강남구,삼성로 324,37.50083925,127.06018344653816,2024-11-24 15:35:55,2024-11-24 21:23:09
186,강남구,삼성로 334,37.4927348956945,127.06419740758311,2024-11-24 15:35:55,2024-11-24 21:23:10
187,강남구,삼성로 335,37.4927348956945,127.06419740758311,2024-11-24 15:35:55,2024-11-24 21:23:10
188,강남구,삼성로 352,37.5030297,127.0591394,2024-11-24 15:35:55,2024-11-24 21:23:10
189,강남구,삼성로 36,37.48935865,127.0659919,2024-11-24 15:35:55,2024-11-24 21:23:11
190,강남구,삼성로 40,37.4889573,127.0666701,2024-11-24 15:35:55,2024-11-24 21:23:12
191,강남구,삼성로 401,37.5031717,127.0582167,2024-11-24 15:35:55,2024-11-24 21:23:12
192,강남구,삼성로 408,37.48413215,127.06912727936992,2024-11-24 15:35:55,2024-11-24 21:23:13
193,강남구,삼성로 430,37.5053078,127.0578389,2024-11-24 15:35:55,2024-11-24 21:23:13
194,강남구,삼성로 438,37.5061964,127.0574898,2024-11-24 15:35:55,2024-11-24 21:23:14
195,강남구,삼성로 520,37.5087035,127.0559846,2024-11-24 15:35:55,2024-11-24 21:23:14
196,강남구,삼성로 521,37.4927348956945,127.06419740758311,2024-11-24 15:35:55,2024-11-24 21:23:15
197,강남구,삼성로 546,37.5104158,127.0551812,2024-11-24 15:35:55,2024-11-24 21:23:15
198,강남구,삼성로 547,37.5103545,127.0543686,2024-11-24 15:35:55,2024-11-24 21:23:17
199,강남구,삼성로 628,37.4927348956945,127.06419740758311,2024-11-24 15:35:55,2024-11-24 21:23:17
200,강남구,삼성로 629,37.4927348956945,127.06419740758311,2024-11-24 15:35:55,2024-11-24 21:23:18
201,강남구,삼성로 633,37.5163189,127.0514755,2024-11-24 15:35:55,2024-11-24 21:23:18
202,강남구,삼성로 654,37.5185977,127.0507663,2024-11-24 15:35:55,2024-11-24 21:23:18
203,강남구,삼성로 706,37.5193687,127.0503587,2024-11-24 15:35:55,2024-11-24 21:23:19
204,강남구,삼성로 707,37.4927348956945,127.06419740758311,2024-11-24 15:35:55,2024-11-24 21:23:20
205,강남구,삼성로 725,37.5201784,127.0490181,2024-11-24 15:35:55,2024-11-24 21:23:20
206,강남구,삼성로 728,37.4927348956945,127.06419740758311,2024-11-24 15:35:55,2024-11-24 21:23:21
207,강남구,삼성로 737,37.4927348956945,127.06419740758311,2024-11-24 15:35:55,2024-11-24 21:23:21
208,강남구,삼성로 755,37.5222359,127.04810730774662,2024-11-24 15:35:55,2024-11-24 21:23:21
209,강남구,삼성로 758,37.52257975,127.04857164841161,2024-11-24 15:35:55,2024-11-24 21:23:22
210,강남구,삼성로 762,37.4927348956945,127.06419740758311,2024-11-24 15:35:55,2024-11-24 21:23:23
211,강남구,삼성로 771,37.5233231,127.0475358,2024-11-24 15:35:55,2024-11-24 21:23:23
212,강남구,삼성로4길 17,37.48714295,127.06947026532333,2024-11-24 15:35:55,2024-11-24 21:23:24
213,강남구,선릉로 103,37.4855114,127.0571991,2024-11-24 15:35:55,2024-11-24 21:23:24
214,강남구,선릉로 120,37.51369967066034,127.04261751293137,2024-11-24 15:35:55,2024-11-24 21:23:25
215,강남구,선릉로 206,37.4930983,127.0555038,2024-11-24 15:35:55,2024-11-24 21:23:25
216,강남구,선릉로 209,37.51369967066034,127.04261751293137,2024-11-24 15:35:55,2024-11-24 21:23:26
217,강남구,선릉로 32,37.4826719,127.06092692931747,2024-11-24 15:35:55,2024-11-24 21:23:26
218,강남구,선릉로 423,37.51369967066034,127.04261751293137,2024-11-24 15:35:55,2024-11-24 21:23:27
219,강남구,선릉로 424,37.5028957,127.0498762,2024-11-24 15:35:55,2024-11-24 21:23:27
220,강남구,선릉로 434,37.51369967066034,127.04261751293137,2024-11-24 15:35:55,2024-11-24 21:23:28
221,강남구,선릉로 510,37.51369967066034,127.04261751293137,2024-11-24 15:35:55,2024-11-24 21:23:28
222,강남구,선릉로 524,37.5067716,127.048114,2024-11-24 15:35:55,2024-11-24 21:23:28
223,강남구,선릉로 571,37.51369967066034,127.04261751293137,2024-11-24 15:35:55,2024-11-24 21:23:29
224,강남구,선릉로 630,37.51369967066034,127.04261751293137,2024-11-24 15:35:55,2024-11-24 21:23:30
225,강남구,선릉로 635,37.51369967066034,127.04261751293137,2024-11-24 15:35:55,2024-11-24 21:23:30
226,강남구,선릉로 646,37.5143539,127.0434154,2024-11-24 15:35:55,2024-11-24 21:23:30
227,강남구,선릉로 716,37.51369967066034,127.04261751293137,2024-11-24 15:35:55,2024-11-24 21:23:31
228,강남구,선릉로 748,37.5214451,127.0406289,2024-11-24 15:35:55,2024-11-24 21:23:32
229,강남구,선릉로 762,37.5228701,127.0395575,2024-11-24 15:35:55,2024-11-24 21:23:32
230,강남구,선릉로 8,37.5050134,127.0488953,2024-11-24 15:35:55,2024-11-24 21:23:33
231,강남구,선릉로 801,37.52785435,127.0407184,2024-11-24 15:35:55,2024-11-24 21:23:33
232,강남구,선릉로 812,37.5242039,127.0397331,2024-11-24 15:35:55,2024-11-24 21:23:34
233,강남구,선릉로 819,37.525184,127.0395668,2024-11-24 15:35:55,2024-11-24 21:23:34
234,강남구,선릉로 828,37.51369967066034,127.04261751293137,2024-11-24 15:35:55,2024-11-24 21:23:35
235,강남구,선릉로 846,37.5274745,127.04082515927024,2024-11-24 15:35:55,2024-11-24 21:23:35
236,강남구,선릉로100길 1,37.50719575,127.0483701,2024-11-24 15:35:55,2024-11-24 21:23:36
237,강남구,선릉로130길 19,37.51697067843482,127.04409729370067,2024-11-24 15:35:55,2024-11-24 21:23:37
238,강남구,선릉로4길 30,37.48307765,127.06396088956862,2024-11-24 15:35:55,2024-11-24 21:23:37
239,강남구,선릉로69길 20,37.498281956764565,127.05014642306182,2024-11-24 15:35:55,2024-11-24 21:23:38
240,강남구,세곡동 129-1(밤고개로),37.47890186741994,127.10549118698194,2024-11-24 15:35:55,2024-11-24 21:23:40
241,강남구,세곡동 97-3(헌릉로),37.46428472098112,127.09299949768064,2024-11-24 15:35:55,2024-11-24 21:23:40
242,강남구,수서동 724-4(밤고개로),37.49030895025294,127.09867819058512,2024-11-24 15:35:55,2024-11-24 21:23:41
243,강남구,수서동 727(밤고개로),37.49030895025294,127.09867819058512,2024-11-24 15:35:55,2024-11-24 21:23:41
244,강남구,수서동 735(광평로),37.48502364252665,127.0978414432874,2024-11-24 15:35:55,2024-11-24 21:23:42
245,강남구,압구정로 108,37.5228501,127.02059644918918,2024-11-24 15:35:55,2024-11-24 21:23:42
246,강남구,압구정로 113,37.5235712,127.0194388,2024-11-24 15:35:55,2024-11-24 21:23:43
247,강남구,압구정로 123,37.52836348100263,127.03837874133137,2024-11-24 15:35:55,2024-11-24 21:23:43
248,강남구,압구정로 128,37.5239801,127.02282734798115,2024-11-24 15:35:55,2024-11-24 21:23:43
249,강남구,압구정로 150,37.52836348100263,127.03837874133137,2024-11-24 15:35:55,2024-11-24 21:23:44
250,강남구,압구정로 151,37.526972799999996,127.02537386976923,2024-11-24 15:35:55,2024-11-24 21:23:45
251,강남구,압구정로 168,37.52836348100263,127.03837874133137,2024-11-24 15:35:55,2024-11-24 21:23:45
252,강남구,압구정로 201,37.5299403,127.0289342,2024-11-24 15:35:55,2024-11-24 21:23:45
253,강남구,압구정로 216,37.528056750000005,127.03102770436885,2024-11-24 15:35:55,2024-11-24 21:23:46
254,강남구,압구정로 225,37.52836348100263,127.03837874133137,2024-11-24 15:35:55,2024-11-24 21:23:47
255,강남구,압구정로 230,37.528774,127.0332281,2024-11-24 15:35:55,2024-11-24 21:23:47
256,강남구,압구정로 309,37.5312211,127.0354689,2024-11-24 15:35:55,2024-11-24 21:23:48
257,강남구,압구정로 310,37.52836348100263,127.03837874133137,2024-11-24 15:35:55,2024-11-24 21:23:48
258,강남구,압구정로 313,37.52836348100263,127.03837874133137,2024-11-24 15:35:55,2024-11-24 21:23:49
259,강남구,압구정로 316,37.52836348100263,127.03837874133137,2024-11-24 15:35:55,2024-11-24 21:23:49
260,강남구,압구정로 321,37.52836348100263,127.03837874133137,2024-11-24 15:35:55,2024-11-24 21:23:50
261,강남구,압구정로 328,37.5282997,127.0374754,2024-11-24 15:35:55,2024-11-24 21:23:50
262,강남구,압구정로 338,37.5279278,127.0389308,2024-11-24 15:35:55,2024-11-24 21:23:51
263,강남구,압구정로 343,37.5285682,127.0400842,2024-11-24 15:35:55,2024-11-24 21:23:51
264,강남구,압구정로 344,37.5276951,127.0398835,2024-11-24 15:35:55,2024-11-24 21:23:52
265,강남구,압구정로 407,37.528087,127.0415989,2024-11-24 15:35:55,2024-11-24 21:23:52
266,강남구,압구정로 429,37.52836348100263,127.03837874133137,2024-11-24 15:35:55,2024-11-24 21:23:53
267,강남구,압구정로 440,37.52836348100263,127.03837874133137,2024-11-24 15:35:55,2024-11-24 21:23:53
268,강남구,압구정로29길 23,37.52982288076531,127.02782838975011,2024-11-24 15:35:55,2024-11-24 21:23:54
269,강남구,압구정로29길 57,37.5312293,127.0269211,2024-11-24 15:35:55,2024-11-24 21:23:54
270,강남구,양재대로55길 14,37.4906997,127.0883205,2024-11-24 15:35:55,2024-11-24 21:23:55
271,강남구,양재대로55길 19,37.49210970769666,127.08758851496805,2024-11-24 15:35:55,2024-11-24 21:23:56
272,강남구,양재천로 199,37.48085135002609,127.04397537603418,2024-11-24 15:35:55,2024-11-24 21:23:56
273,강남구,언주로 101,37.500924,127.04421848342888,2024-11-24 15:35:55,2024-11-24 21:23:56
274,강남구,언주로 110,37.48393935,127.05330005,2024-11-24 15:35:55,2024-11-24 21:23:57
275,강남구,언주로 122,37.534954248120386,127.03475987433525,2024-11-24 15:35:55,2024-11-24 21:23:58
276,강남구,언주로 123,37.4868963,127.0489266,2024-11-24 15:35:55,2024-11-24 21:23:58
277,강남구,언주로 316,37.534954248120386,127.03475987433525,2024-11-24 15:35:55,2024-11-24 21:23:58
278,강남구,언주로 420,37.534954248120386,127.03475987433525,2024-11-24 15:35:55,2024-11-24 21:23:59
279,강남구,언주로 516,37.5047912,127.0421696,2024-11-24 15:35:55,2024-11-24 21:23:59
280,강남구,언주로 517,37.5046537,127.0412928,2024-11-24 15:35:55,2024-11-24 21:24:00
281,강남구,언주로 551,37.534954248120386,127.03475987433525,2024-11-24 15:35:55,2024-11-24 21:24:00
282,강남구,언주로 563,37.5078868,127.0382726,2024-11-24 15:35:55,2024-11-24 21:24:01
283,강남구,언주로 565,37.534954248120386,127.03475987433525,2024-11-24 15:35:55,2024-11-24 21:24:01
284,강남구,언주로 604,37.5095315,127.0389844,2024-11-24 15:35:55,2024-11-24 21:24:02
285,강남구,언주로 616,37.534954248120386,127.03475987433525,2024-11-24 15:35:55,2024-11-24 21:24:03
286,강남구,언주로 617,37.534954248120386,127.03475987433525,2024-11-24 15:35:55,2024-11-24 21:24:03
287,강남구,언주로 631,37.5128505,127.0350938,2024-11-24 15:35:55,2024-11-24 21:24:04
288,강남구,언주로 640,37.5139921,127.0359055,2024-11-24 15:35:55,2024-11-24 21:24:04
289,강남구,언주로 641,37.5138425,127.0349987,2024-11-24 15:35:55,2024-11-24 21:24:04
290,강남구,언주로 652,37.515169,127.0357765,2024-11-24 15:35:55,2024-11-24 21:24:05
291,강남구,언주로 702,37.5158166,127.0357727,2024-11-24 15:35:55,2024-11-24 21:24:06
292,강남구,언주로 709,37.5167202,127.0348443,2024-11-24 15:35:55,2024-11-24 21:24:06
293,강남구,언주로 712,37.534954248120386,127.03475987433525,2024-11-24 15:35:55,2024-11-24 21:24:06
294,강남구,언주로 721,37.534954248120386,127.03475987433525,2024-11-24 15:35:55,2024-11-24 21:24:07
295,강남구,언주로 726,37.5190816,127.0353276,2024-11-24 15:35:55,2024-11-24 21:24:07
296,강남구,언주로 812,37.534954248120386,127.03475987433525,2024-11-24 15:35:55,2024-11-24 21:24:08
297,강남구,언주로 844,37.52080607314095,127.0342763940626,2024-11-24 15:35:55,2024-11-24 21:24:08
298,강남구,언주로 865,37.52080607314095,127.0342763940626,2024-11-24 15:35:55,2024-11-24 21:24:09
299,강남구,언주로30길 57,37.48947575,127.0540147273029,2024-11-24 15:35:55,2024-11-24 21:24:09
300,강남구,언주로7길,37.477066615304096,127.05517514592671,2024-11-24 15:35:55,2024-11-24 21:24:10
301,강남구,역삼로 306,37.4989726,127.0469391,2024-11-24 15:35:55,2024-11-24 21:24:10
302,강남구,역삼로 315,37.50290634810118,127.0580661144748,2024-11-24 15:35:55,2024-11-24 21:24:11
303,강남구,역삼로 538,37.5039056,127.0619135,2024-11-24 15:35:55,2024-11-24 21:24:12
304,강남구,역삼로 541,37.50523845,127.06199826430958,2024-11-24 15:35:55,2024-11-24 21:24:12
305,강남구,영동대로 101,37.4919031,127.0716501591098,2024-11-24 15:35:55,2024-11-24 21:24:12
306,강남구,영동대로 202,37.4969652,127.0702471,2024-11-24 15:35:55,2024-11-24 21:24:13
307,강남구,영동대로 215,37.49798545,127.06854191552031,2024-11-24 15:35:55,2024-11-24 21:24:13
308,강남구,영동대로 216,37.5292319,127.05662965,2024-11-24 15:35:55,2024-11-24 21:24:14
309,강남구,영동대로 219,37.498363999999995,127.06834275867415,2024-11-24 15:35:55,2024-11-24 21:24:14
310,강남구,영동대로 22,37.491125800000006,127.07366012753047,2024-11-24 15:35:55,2024-11-24 21:24:15
311,강남구,영동대로 221,37.49865575,127.06813411707205,2024-11-24 15:35:55,2024-11-24 21:24:15
312,강남구,영동대로 225,37.4992051,127.0676057861021,2024-11-24 15:35:55,2024-11-24 21:24:16
313,강남구,영동대로 227,37.499388249999996,127.06755925442661,2024-11-24 15:35:55,2024-11-24 21:24:16
314,강남구,영동대로 230,37.5292319,127.05662965,2024-11-24 15:35:55,2024-11-24 21:24:17
315,강남구,영동대로 235,37.5001133,127.0673158566487,2024-11-24 15:35:55,2024-11-24 21:24:17
316,강남구,영동대로 301,37.5292319,127.05662965,2024-11-24 15:35:55,2024-11-24 21:24:18
317,강남구,영동대로 302,37.5292319,127.05662965,2024-11-24 15:35:55,2024-11-24 21:24:19
318,강남구,영동대로 311,37.5292319,127.05662965,2024-11-24 15:35:55,2024-11-24 21:24:19
319,강남구,영동대로 318,37.503025550000004,127.0670255,2024-11-24 15:35:55,2024-11-24 21:24:20
320,강남구,영동대로 334,37.5045552,127.06616855199626,2024-11-24 15:35:55,2024-11-24 21:24:20
321,강남구,영동대로 401,37.505253350000004,127.06457610853658,2024-11-24 15:35:55,2024-11-24 21:24:21
322,강남구,영동대로 429,37.50772565,127.06316854248644,2024-11-24 15:35:55,2024-11-24 21:24:21
323,강남구,영동대로 430,37.507997,127.06439773349078,2024-11-24 15:35:55,2024-11-24 21:24:21
324,강남구,영동대로 506,37.5100628,127.0631724,2024-11-24 15:35:55,2024-11-24 21:24:22
325,강남구,영동대로 508,37.49219467101955,127.07245149304822,2024-11-24 15:35:55,2024-11-24 21:24:22
326,강남구,영동대로 512,37.5292319,127.05662965,2024-11-24 15:35:55,2024-11-24 21:24:23
328,강남구,영동대로 517,37.5125275,127.0588489,2024-11-24 15:35:55,2024-11-24 21:24:24
329,강남구,영동대로 602,37.5148923,127.060442,2024-11-24 15:35:55,2024-11-24 21:24:25
330,강남구,영동대로 615,37.5292319,127.05662965,2024-11-24 15:35:55,2024-11-24 21:24:25
331,강남구,영동대로 618,37.5156981,127.0599855,2024-11-24 15:35:55,2024-11-24 21:24:25
332,강남구,영동대로 645,37.49219467101955,127.07245149304822,2024-11-24 15:35:55,2024-11-24 21:24:26
333,강남구,영동대로 646,37.5292319,127.05662965,2024-11-24 15:35:55,2024-11-24 21:24:26
334,강남구,영동대로 647,37.5197345,127.0566596,2024-11-24 15:35:55,2024-11-24 21:24:27
335,강남구,영동대로 703,37.5292319,127.05662965,2024-11-24 15:35:55,2024-11-24 21:24:28
336,강남구,영동대로 704,37.5292319,127.05662965,2024-11-24 15:35:55,2024-11-24 21:24:28
337,강남구,영동대로 707,37.5206825,127.0559271,2024-11-24 15:35:55,2024-11-24 21:24:28
338,강남구,영동대로 708,37.521077399999996,127.05717148708459,2024-11-24 15:35:55,2024-11-24 21:24:29
339,강남구,영동대로 720,37.52219355,127.05651926230328,2024-11-24 15:35:55,2024-11-24 21:24:29
340,강남구,영동대로 721,37.5221941,127.0553354,2024-11-24 15:35:55,2024-11-24 21:24:30
341,강남구,영동대로 726,37.52280615,127.05619721090444,2024-11-24 15:35:55,2024-11-24 21:24:30
342,강남구,영동대로 731,37.522937,127.0547076,2024-11-24 15:35:55,2024-11-24 21:24:31
343,강남구,영동대로 735,37.49219467101955,127.07245149304822,2024-11-24 15:35:55,2024-11-24 21:24:32
344,강남구,영동대로3길,37.48691698279474,127.07211531943945,2024-11-24 15:35:55,2024-11-24 21:24:32
345,강남구,일원로 115,37.4838137,127.0842356,2024-11-24 15:35:55,2024-11-24 21:24:33
346,강남구,일원로 120,37.48233606893452,127.08407964210546,2024-11-24 15:35:55,2024-11-24 21:24:33
347,강남구,일원로 21,37.4919919,127.08128224017932,2024-11-24 15:35:55,2024-11-24 21:24:33
348,강남구,일원로 7,37.493111850000005,127.08075348921264,2024-11-24 15:35:55,2024-11-24 21:24:34
349,강남구,일원로 81,37.4884518,127.08534135923833,2024-11-24 15:35:55,2024-11-24 21:24:35
350,강남구,일원로14길 25,37.4838757,127.0809001,2024-11-24 15:35:55,2024-11-24 21:24:35
351,강남구,일원로9길 72,37.4909235,127.0873553,2024-11-24 15:35:55,2024-11-24 21:24:36
352,강남구,자곡동 32-7(자곡로),37.47312766943,127.1032212105658,2024-11-24 15:35:55,2024-11-24 21:24:36
353,강남구,자곡동 627(자곡로),37.47312766943,127.1032212105658,2024-11-24 15:35:55,2024-11-24 21:24:36
354,강남구,자곡로 101,37.4741362,127.0941161,2024-11-24 15:35:55,2024-11-24 21:24:37
355,강남구,자곡로 120,37.4721241,127.0965387,2024-11-24 15:35:55,2024-11-24 21:24:38
356,강남구,자곡로 21,37.47312766943,127.1032212105658,2024-11-24 15:35:55,2024-11-24 21:24:38
357,강남구,자곡로 260,37.4771403,127.1129392,2024-11-24 15:35:55,2024-11-24 21:24:39
358,강남구,자곡로 36,37.47312766943,127.1032212105658,2024-11-24 15:35:55,2024-11-24 21:24:39
359,강남구,자곡로3길 21,37.471286,127.0887172,2024-11-24 15:35:55,2024-11-24 21:24:40
360,강남구,자곡로3길 22,37.4707767,127.0908873,2024-11-24 15:35:55,2024-11-24 21:24:40
361,강남구,테헤란로 107,37.50880083689794,127.0624537394813,2024-11-24 15:35:55,2024-11-24 21:24:41
362,강남구,테헤란로 108,37.5069623,127.0566016,2024-11-24 15:35:55,2024-11-24 21:24:41
363,강남구,테헤란로 110,37.4980906,127.0294188,2024-11-24 15:35:55,2024-11-24 21:24:42
364,강남구,테헤란로 113,37.4989809,127.0295642,2024-11-24 15:35:55,2024-11-24 21:24:42
365,강남구,테헤란로 121,37.50880083689794,127.0624537394813,2024-11-24 15:35:55,2024-11-24 21:24:43
366,강남구,테헤란로 123,37.4995708,127.0315389,2024-11-24 15:35:55,2024-11-24 21:24:43
367,강남구,테헤란로 124,37.4987071,127.0316064,2024-11-24 15:35:55,2024-11-24 21:24:44
368,강남구,테헤란로 129,37.4998271,127.03239434237742,2024-11-24 15:35:55,2024-11-24 21:24:44
369,강남구,테헤란로 131,37.500077,127.032799,2024-11-24 15:35:55,2024-11-24 21:24:45
370,강남구,테헤란로 132,37.50880083689794,127.0624537394813,2024-11-24 15:35:55,2024-11-24 21:24:45
371,강남구,테헤란로 142,37.4997255,127.0349276,2024-11-24 15:35:55,2024-11-24 21:24:46
372,강남구,테헤란로 143,37.5005807,127.0349449,2024-11-24 15:35:55,2024-11-24 21:24:46
373,강남구,테헤란로 151,37.5010298,127.0361121,2024-11-24 15:35:55,2024-11-24 21:24:47
374,강남구,테헤란로 201,37.5013136,127.0372022,2024-11-24 15:35:55,2024-11-24 21:24:47
375,강남구,테헤란로 205,37.5016274,127.0384293,2024-11-24 15:35:55,2024-11-24 21:24:48
376,강남구,테헤란로 208,37.5069623,127.0566016,2024-11-24 15:35:55,2024-11-24 21:24:48
377,강남구,테헤란로 217,37.50880083689794,127.0624537394813,2024-11-24 15:35:55,2024-11-24 21:24:49
378,강남구,테헤란로 223,37.5023726,127.0407465,2024-11-24 15:35:55,2024-11-24 21:24:49
379,강남구,테헤란로 237,37.50880083689794,127.0624537394813,2024-11-24 15:35:55,2024-11-24 21:24:50
380,강남구,테헤란로 305,37.50880083689794,127.0624537394813,2024-11-24 15:35:55,2024-11-24 21:24:51
381,강남구,테헤란로 306,37.502598,127.044132,2024-11-24 15:35:55,2024-11-24 21:24:51
382,강남구,테헤란로 317,37.5039715,127.0457751,2024-11-24 15:35:55,2024-11-24 21:24:51
383,강남구,테헤란로 318,37.50880083689794,127.0624537394813,2024-11-24 15:35:55,2024-11-24 21:24:52
384,강남구,테헤란로 332,37.50880083689794,127.0624537394813,2024-11-24 15:35:55,2024-11-24 21:24:52
385,강남구,테헤란로 337,37.5047952,127.0484898,2024-11-24 15:35:55,2024-11-24 21:24:53
386,강남구,테헤란로 405,37.5069623,127.0566016,2024-11-24 15:35:55,2024-11-24 21:24:54
387,강남구,테헤란로 406,37.5044136,127.0497334,2024-11-24 15:35:55,2024-11-24 21:24:54
388,강남구,테헤란로 413,37.50880083689794,127.0624537394813,2024-11-24 15:35:55,2024-11-24 21:24:54
389,강남구,테헤란로 414,37.50880083689794,127.0624537394813,2024-11-24 15:35:55,2024-11-24 21:24:55
390,강남구,테헤란로 419,37.5058865,127.0521614,2024-11-24 15:35:55,2024-11-24 21:24:56
391,강남구,테헤란로 428,37.5056942,127.0540334,2024-11-24 15:35:55,2024-11-24 21:24:56
392,강남구,테헤란로 432,37.5057662,127.0547475,2024-11-24 15:35:55,2024-11-24 21:24:57
393,강남구,테헤란로 439,37.5068487,127.0552114,2024-11-24 15:35:55,2024-11-24 21:24:57
394,강남구,테헤란로 440,37.5057968,127.0561828,2024-11-24 15:35:55,2024-11-24 21:24:58
395,강남구,테헤란로 447,37.5072143,127.0560646,2024-11-24 15:35:55,2024-11-24 21:24:58
396,강남구,테헤란로 501,37.5069623,127.0566016,2024-11-24 15:35:55,2024-11-24 21:24:59
397,강남구,테헤란로 508,37.5068067,127.05797508868244,2024-11-24 15:35:55,2024-11-24 21:24:59
398,강남구,테헤란로 510,37.50700745,127.05864679443752,2024-11-24 15:35:55,2024-11-24 21:25:00
399,강남구,테헤란로 513,37.5080408,127.058925,2024-11-24 15:35:55,2024-11-24 21:25:00
400,강남구,테헤란로 516,37.5074072,127.06013481841501,2024-11-24 15:35:55,2024-11-24 21:25:00
401,강남구,테헤란로 524,37.5079478,127.06147572350073,2024-11-24 15:35:55,2024-11-24 21:25:01
402,강남구,테헤란로 607,37.50956145,127.06407002736967,2024-11-24 15:35:55,2024-11-24 21:25:02
403,강남구,테헤란로 610,37.50886235,127.0645737,2024-11-24 15:35:55,2024-11-24 21:25:02
404,강남구,테헤란로 626,37.5092718,127.0664122,2024-11-24 15:35:55,2024-11-24 21:25:03
405,강남구,테헤란로108,37.5069745,127.0665912,2024-11-24 15:35:55,2024-11-25 17:32:58
406,강남구,테헤란로114길 11,37.5094404,127.06707157813565,2024-11-24 15:35:55,2024-11-24 21:25:04
407,강남구,테헤란로428,37.5056885,127.0541568,2024-11-24 15:35:55,2024-11-25 17:33:00
408,강남구,테헤란로87길 30,37.508616584206976,127.05897949597413,2024-11-24 15:35:55,2024-11-24 21:25:05
409,강남구,테헤란로87길 39,37.508616584206976,127.05897949597413,2024-11-24 15:35:55,2024-11-24 21:25:05
410,강남구,학동로 103,37.5114928,127.02186368994413,2024-11-24 15:35:55,2024-11-24 21:25:05
411,강남구,학동로 106,37.5111448,127.0226255,2024-11-24 15:35:55,2024-11-24 21:25:06
412,강남구,학동로 117,37.5121075,127.0236612,2024-11-24 15:35:55,2024-11-24 21:25:06
413,강남구,학동로 143,37.5129673,127.0265811,2024-11-24 15:35:55,2024-11-24 21:25:07
414,강남구,학동로 171,37.5124711,127.0313936,2024-11-24 15:35:55,2024-11-24 21:25:07
415,강남구,학동로 175,37.51567259297737,127.03595775486446,2024-11-24 15:35:55,2024-11-24 21:25:08
416,강남구,학동로 176,37.51567259297737,127.03595775486446,2024-11-24 15:35:55,2024-11-24 21:25:09
417,강남구,학동로 204,37.51379015,127.03121933531746,2024-11-24 15:35:55,2024-11-24 21:25:09
418,강남구,학동로 207,37.521076199999996,127.0600033,2024-11-24 15:35:55,2024-11-24 21:25:10
419,강남구,학동로 208,37.5139697,127.0318803,2024-11-24 15:35:55,2024-11-24 21:25:10
420,강남구,학동로 218,37.51567259297737,127.03595775486446,2024-11-24 15:35:55,2024-11-24 21:25:11
421,강남구,학동로 227,37.51567259297737,127.03595775486446,2024-11-24 15:35:55,2024-11-24 21:25:11
422,강남구,학동로 233,37.51567259297737,127.03595775486446,2024-11-24 15:35:55,2024-11-24 21:25:12
423,강남구,학동로 235,37.5156033,127.0350456,2024-11-24 15:35:55,2024-11-24 21:25:12
424,강남구,학동로 310,37.5155019,127.0366337,2024-11-24 15:35:55,2024-11-24 21:25:12
425,강남구,학동로 337,37.51567259297737,127.03595775486446,2024-11-24 15:35:55,2024-11-24 21:25:13
426,강남구,학동로 338,37.516558,127.0401685,2024-11-24 15:35:55,2024-11-24 21:25:14
427,강남구,학동로 342,37.5167674,127.04088574337976,2024-11-24 15:35:55,2024-11-24 21:25:14
428,강남구,학동로 343,37.517465599999994,127.04070909889134,2024-11-24 15:35:55,2024-11-24 21:25:15
429,강남구,학동로 401,37.5175768,127.0415175,2024-11-24 15:35:55,2024-11-24 21:25:15
430,강남구,학동로 405,37.5177946,127.04260540467894,2024-11-24 15:35:55,2024-11-24 21:25:16
431,강남구,학동로 408,37.521076199999996,127.0600033,2024-11-24 15:35:55,2024-11-24 21:25:16
432,강남구,학동로 412,37.51567259297737,127.03595775486446,2024-11-24 15:35:55,2024-11-24 21:25:17
433,강남구,학동로 425,37.51567259297737,127.03595775486446,2024-11-24 15:35:55,2024-11-24 21:25:17
434,강남구,학동로 426,37.51567259297737,127.03595775486446,2024-11-24 15:35:55,2024-11-24 21:25:18
435,강남구,학동로 446,37.51567259297737,127.03595775486446,2024-11-24 15:35:55,2024-11-24 21:25:18
436,강남구,학동로 513,37.5199234,127.0538977,2024-11-24 15:35:55,2024-11-24 21:25:19
437,강남구,학동로 522,37.51567259297737,127.03595775486446,2024-11-24 15:35:55,2024-11-24 21:25:19
438,강남구,학동로 523,37.52013825,127.05619419424733,2024-11-24 15:35:55,2024-11-24 21:25:19
439,강남구,학동로87길 7,37.5195119,127.0517098,2024-11-24 15:35:55,2024-11-24 21:25:20
440,강남구,학동로88길 5,37.5187203,127.0521503,2024-11-24 15:35:55,2024-11-24 21:25:20
441,강남구,헌릉로 623,37.46505660799503,127.11071191556594,2024-11-24 15:35:55,2024-11-24 21:25:21
442,강남구,헌릉로569길 9,37.466801,127.1009648,2024-11-24 15:35:55,2024-11-24 21:25:22
443,강남구,헌릉로571길 20,37.46740732330405,127.10079241784541,2024-11-24 15:35:55,2024-11-24 21:25:23
444,강남구,헌릉로590길 10,37.4644664,127.1027456,2024-11-24 15:35:55,2024-11-24 21:25:23
445,강남구,헌릉로590길 60,37.463683994446434,127.10034929015714,2024-11-24 15:35:55,2024-11-24 21:25:24
2679,용산구,갈월동 101-23,37.54487,126.9715441,2024-11-24 15:35:55,2024-11-24 21:25:25
2680,용산구,갈월동 14-58,37.54487,126.9715441,2024-11-24 15:35:55,2024-11-24 21:25:25
2681,용산구,갈월동 5-8,37.5439329,126.9729253,2024-11-24 15:35:55,2024-11-24 21:25:25
2682,용산구,갈월동 51-19,37.54487,126.9715441,2024-11-24 15:35:55,2024-11-24 21:25:26
2683,용산구,갈월동 63-1,37.5506507,126.9741543,2024-11-24 15:35:55,2024-11-24 21:25:26
2684,용산구,갈월동 69-109,37.54487,126.9715441,2024-11-24 15:35:55,2024-11-24 21:25:27
2685,용산구,갈월동 69-45,37.54487,126.9715441,2024-11-24 15:35:55,2024-11-24 21:25:28
2687,용산구,갈월동 87-25,37.54487,126.9715441,2024-11-24 15:35:55,2024-11-24 21:25:29
2688,용산구,갈월동 89-9,37.54487,126.9715441,2024-11-24 15:35:55,2024-11-24 21:25:29
2689,용산구,갈월동 92-12,37.54487,126.9715441,2024-11-24 15:35:55,2024-11-24 21:25:30
2690,용산구,갈월동 93-29,37.54487,126.9715441,2024-11-24 15:35:55,2024-11-24 21:25:30
2691,용산구,갈월동 93-60,37.54487,126.9715441,2024-11-24 15:35:55,2024-11-24 21:25:31
2692,용산구,갈월동 97-1,37.54487,126.9715441,2024-11-24 15:35:55,2024-11-24 21:25:31
2693,용산구,갈월동 98-1,37.54487,126.9715441,2024-11-24 15:35:55,2024-11-24 21:25:32
2694,용산구,남영동 131-1,37.54508045,126.97488842324077,2024-11-24 15:35:55,2024-11-24 21:25:33
2695,용산구,남영동 18-3,37.54508045,126.97488842324077,2024-11-24 15:35:55,2024-11-24 21:25:33
2696,용산구,남영동 24-1,37.545646,126.9737913,2024-11-24 15:35:55,2024-11-24 21:25:33
2697,용산구,남영동 3-4,37.5531568,126.974409,2024-11-24 15:35:55,2024-11-24 21:25:34
2698,용산구,남영동 61-4,37.54508045,126.97488842324077,2024-11-24 15:35:55,2024-11-24 21:25:35
2699,용산구,남영동 83-1,37.54508045,126.97488842324077,2024-11-24 15:35:55,2024-11-24 21:25:35
2701,용산구,동빙고동 295-1,37.52215,126.99571,2024-11-24 15:35:55,2024-11-24 21:25:36
2702,용산구,동빙고동 7-43,37.52215,126.99571,2024-11-24 15:35:55,2024-11-24 21:25:37
2703,용산구,동자동 12-1,37.55112,126.97251,2024-11-24 15:35:55,2024-11-24 21:25:37
2704,용산구,동자동 14-3,37.55112,126.97251,2024-11-24 15:35:55,2024-11-24 21:25:38
2705,용산구,동자동 43-212,37.55112,126.97251,2024-11-24 15:35:55,2024-11-24 21:25:39
2706,용산구,동자동 44-6,37.55112,126.97251,2024-11-24 15:35:55,2024-11-24 21:25:39
2708,용산구,문배동 8-3,37.5367,126.96818,2024-11-24 15:35:55,2024-11-24 21:25:41
2709,용산구,버스정류장(03346),37.5297286,126.8123897,2024-11-24 15:35:55,2024-11-25 16:08:19
2710,용산구,보광동 217-23,37.5267109,127.00021654781031,2024-11-24 15:35:55,2024-11-24 21:25:42
2711,용산구,보광동 238-98,37.5267109,127.00021654781031,2024-11-24 15:35:55,2024-11-24 21:25:42
2712,용산구,보광동 90-2,37.5267109,127.00021654781031,2024-11-24 15:35:55,2024-11-24 21:25:43
2713,용산구,산천동 81-1,37.53558,126.95029,2024-11-24 15:35:55,2024-11-24 21:25:44
2715,용산구,서계동 224-32,37.55234,126.96595,2024-11-24 15:35:55,2024-11-24 21:25:45
2716,용산구,서계동 224-36,37.55234,126.96595,2024-11-24 15:35:55,2024-11-24 21:25:46
2717,용산구,서계동 233-4,37.55234,126.96595,2024-11-24 15:35:55,2024-11-24 21:25:47
2718,용산구,서계동 267-14,37.55234,126.96595,2024-11-24 15:35:55,2024-11-24 21:25:48
2720,용산구,서빙고동 199-5,37.51769075,126.99123969122317,2024-11-24 15:35:55,2024-11-24 21:25:49
2721,용산구,서빙고동 235-1,37.51769075,126.99123969122317,2024-11-24 15:35:55,2024-11-24 21:25:50
2723,용산구,서빙고동 235-115,37.51769075,126.99123969122317,2024-11-24 15:35:55,2024-11-24 21:25:50
2724,용산구,서빙고동 235-75,37.51769075,126.99123969122317,2024-11-24 15:35:55,2024-11-24 21:25:51
2725,용산구,서빙고동 271-106,37.51769075,126.99123969122317,2024-11-24 15:35:55,2024-11-24 21:25:52
2728,용산구,용문동 5-222,37.538097750000006,126.95862107239697,2024-11-24 15:35:55,2024-11-24 21:25:53
2730,용산구,용산동1가 8-65,37.54011,126.9767,2024-11-24 15:35:55,2024-11-24 21:25:54
2731,용산구,용산동2가 1,37.5419289,126.9872002,2024-11-24 15:35:55,2024-11-24 21:25:54
2732,용산구,용산동2가 1-1144,37.54305,126.98558,2024-11-24 15:35:55,2024-11-24 21:25:55
2733,용산구,용산동2가 1-1239,37.54305,126.98558,2024-11-24 15:35:55,2024-11-24 21:25:56
2734,용산구,용산동2가 48-1,37.54305,126.98558,2024-11-24 15:35:55,2024-11-24 21:25:57
2735,용산구,용산동2가 5-1550,37.54305,126.98558,2024-11-24 15:35:55,2024-11-24 21:25:57
2736,용산구,용산동2가 6-6,37.54305,126.98558,2024-11-24 15:35:55,2024-11-24 21:25:57
2739,용산구,용산동3가 1-96,37.53226,126.97647,2024-11-24 15:35:55,2024-11-24 21:25:59
2742,용산구,용산동4가 19-2,37.53046,126.9858,2024-11-24 15:35:55,2024-11-24 21:26:01
2744,용산구,용산동4가 4,37.5346886,126.9861314,2024-11-24 15:35:55,2024-11-24 21:26:01
2745,용산구,용산동5가 17-12,37.5232113,126.9698891,2024-11-24 15:35:55,2024-11-24 21:26:02
2747,용산구,용산동6가 11-371,37.52352,126.9858,2024-11-24 15:35:55,2024-11-24 21:26:03
2748,용산구,용산동6가 11-426,37.52352,126.9858,2024-11-24 15:35:55,2024-11-24 21:26:04
2750,용산구,원효로1가 110-1,37.537689150000006,126.96732507803657,2024-11-24 15:35:55,2024-11-24 21:26:05
2751,용산구,원효로1가 112-10,37.537689150000006,126.96732507803657,2024-11-24 15:35:55,2024-11-24 21:26:05
2752,용산구,원효로1가 23-3,37.537689150000006,126.96732507803657,2024-11-24 15:35:55,2024-11-24 21:26:06
2754,용산구,원효로1가 27-4,37.537689150000006,126.96732507803657,2024-11-24 15:35:55,2024-11-24 21:26:07
2755,용산구,원효로1가 39-6,37.537689150000006,126.96732507803657,2024-11-24 15:35:55,2024-11-24 21:26:07
2756,용산구,원효로1가 45-1,37.537689150000006,126.96732507803657,2024-11-24 15:35:55,2024-11-24 21:26:08
2757,용산구,원효로2가 1-38,37.53321735,126.95234701063902,2024-11-24 15:35:55,2024-11-24 21:26:09
2758,용산구,원효로2가 27-3,37.53321735,126.95234701063902,2024-11-24 15:35:55,2024-11-24 21:26:09
2759,용산구,원효로2가 84-10,37.53321735,126.95234701063902,2024-11-24 15:35:55,2024-11-24 21:26:10
2760,용산구,원효로2가 94-2,37.53321735,126.95234701063902,2024-11-24 15:35:55,2024-11-24 21:26:10
2761,용산구,원효로2가 96-1,37.53321735,126.95234701063902,2024-11-24 15:35:55,2024-11-24 21:26:11
2762,용산구,원효로3가 250-10,37.53427,126.9578,2024-11-24 15:35:55,2024-11-24 21:26:12
2763,용산구,원효로3가 51-54,37.53427,126.9578,2024-11-24 15:35:55,2024-11-24 21:26:12
2764,용산구,원효로3가 56-1,37.53427,126.9578,2024-11-24 15:35:55,2024-11-24 21:26:13
2766,용산구,원효로4가 114-36,37.53211,126.95127,2024-11-24 15:35:55,2024-11-24 21:26:14
2767,용산구,원효로4가 118-16,37.53211,126.95127,2024-11-24 15:35:55,2024-11-24 21:26:15
2768,용산구,원효로4가 141,37.53211,126.95127,2024-11-24 15:35:55,2024-11-24 21:26:15
2769,용산구,이촌동 193-1,37.52086,126.96612,2024-11-24 15:35:55,2024-11-24 21:26:16
2770,용산구,이촌동 203-5,37.52086,126.96612,2024-11-24 15:35:55,2024-11-24 21:26:16
2771,용산구,이촌동 205-3 앞,37.52086,126.96612,2024-11-24 15:35:55,2024-11-24 21:26:17
2772,용산구,이촌동 209-5,37.52086,126.96612,2024-11-24 15:35:55,2024-11-24 21:26:17
2773,용산구,이촌동 212-22 앞,37.52086,126.96612,2024-11-24 15:35:55,2024-11-24 21:26:18
2774,용산구,이촌동 300-153,37.52086,126.96612,2024-11-24 15:35:55,2024-11-24 21:26:18
2775,용산구,이촌동 300-301,37.52086,126.96612,2024-11-24 15:35:55,2024-11-24 21:26:18
2776,용산구,이촌동 301-10,37.52086,126.96612,2024-11-24 15:35:55,2024-11-24 21:26:19
2777,용산구,이촌동 301-155,37.52086,126.96612,2024-11-24 15:35:55,2024-11-24 21:26:20
2778,용산구,이촌동 302-51,37.52086,126.96612,2024-11-24 15:35:55,2024-11-24 21:26:21
2779,용산구,이촌동 302-61 앞,37.52086,126.96612,2024-11-24 15:35:55,2024-11-24 21:26:21
2780,용산구,이촌동 399-1,37.52086,126.96612,2024-11-24 15:35:55,2024-11-24 21:26:21
2781,용산구,이촌동 402,37.52086,126.96612,2024-11-24 15:35:55,2024-11-24 21:26:22
2782,용산구,이촌동 403,37.52086,126.96612,2024-11-24 15:35:55,2024-11-24 21:26:22
2783,용산구,이촌동 410,37.52086,126.96612,2024-11-24 15:35:55,2024-11-24 21:26:23
2784,용산구,이태원동 108-9,37.53842,126.992,2024-11-24 15:35:55,2024-11-24 21:26:24
2785,용산구,이태원동 119-11,37.53842,126.992,2024-11-24 15:35:55,2024-11-24 21:26:24
2786,용산구,이태원동 123-26,37.53842,126.992,2024-11-24 15:35:55,2024-11-24 21:26:25
2787,용산구,이태원동 124-5,37.53842,126.992,2024-11-24 15:35:55,2024-11-24 21:26:26
2788,용산구,이태원동 124-9,37.53842,126.992,2024-11-24 15:35:55,2024-11-24 21:26:26
2789,용산구,이태원동 127-12,37.53842,126.992,2024-11-24 15:35:55,2024-11-24 21:26:27
2790,용산구,이태원동 128-9,37.53842,126.992,2024-11-24 15:35:55,2024-11-24 21:26:27
2791,용산구,이태원동 130-50,37.53842,126.992,2024-11-24 15:35:55,2024-11-24 21:26:28
2792,용산구,이태원동 168-17,37.53842,126.992,2024-11-24 15:35:55,2024-11-24 21:26:29
2793,용산구,이태원동 176-2,37.53842,126.992,2024-11-24 15:35:55,2024-11-24 21:26:29
2794,용산구,이태원동 258-466,37.53842,126.992,2024-11-24 15:35:55,2024-11-24 21:26:30
2795,용산구,이태원동 259-15,37.53842,126.992,2024-11-24 15:35:55,2024-11-24 21:26:30
2796,용산구,이태원동 260-373,37.53842,126.992,2024-11-24 15:35:55,2024-11-24 21:26:31
2797,용산구,이태원동 34-114,37.53842,126.992,2024-11-24 15:35:55,2024-11-24 21:26:32
2799,용산구,이태원동 34-161,37.53842,126.992,2024-11-24 15:35:55,2024-11-24 21:26:33
2800,용산구,이태원동 34-87,37.53842,126.992,2024-11-24 15:35:55,2024-11-24 21:26:33
2802,용산구,이태원동 57-30,37.53842,126.992,2024-11-24 15:35:55,2024-11-24 21:26:35
2803,용산구,이태원동 58-8,37.53842,126.992,2024-11-24 15:35:55,2024-11-24 21:26:36
2804,용산구,이태원동 666,37.53842,126.992,2024-11-24 15:35:55,2024-11-24 21:26:36
2805,용산구,이태원동 671,37.53842,126.992,2024-11-24 15:35:55,2024-11-24 21:26:36
2806,용산구,이태원동 673,37.53842,126.992,2024-11-24 15:35:55,2024-11-24 21:26:37
2808,용산구,이태원동 721-1,37.53842,126.992,2024-11-24 15:35:55,2024-11-24 21:26:38
2809,용산구,청파동1가 154-10,37.5488,126.96668,2024-11-24 15:35:55,2024-11-24 21:26:39
2810,용산구,청파동2가 120-33,37.54655,126.96675,2024-11-24 15:35:55,2024-11-24 21:26:39
2811,용산구,청파동2가 120-55 앞,37.54655,126.96675,2024-11-24 15:35:55,2024-11-24 21:26:40
2813,용산구,청파동2가 90-2,37.54655,126.96675,2024-11-24 15:35:55,2024-11-24 21:26:41
2814,용산구,청파동3가 12-4,37.5430014,126.9666002,2024-11-24 15:35:55,2024-11-24 21:26:41
2815,용산구,청파동3가 80-7,37.5430014,126.9666002,2024-11-24 15:35:55,2024-11-24 21:26:42
2817,용산구,한강로1가 14-29,37.53517,126.97404,2024-11-24 15:35:55,2024-11-24 21:26:43
2818,용산구,한강로1가 268-2,37.53517,126.97404,2024-11-24 15:35:55,2024-11-24 21:26:44
2819,용산구,한강로1가 42,37.5330819,126.9734749,2024-11-24 15:35:55,2024-11-24 21:26:44
2820,용산구,한강로1가 98,37.53517,126.97404,2024-11-24 15:35:55,2024-11-24 21:26:45
2823,용산구,한강로2가 109-2,37.53142,126.9685,2024-11-24 15:35:55,2024-11-24 21:26:46
2824,용산구,한강로2가 181-2,37.53142,126.9685,2024-11-24 15:35:55,2024-11-24 21:26:47
2825,용산구,한강로2가 2-37 앞,37.53142,126.9685,2024-11-24 15:35:55,2024-11-24 21:26:48
2826,용산구,한강로2가 222-5,37.53142,126.9685,2024-11-24 15:35:55,2024-11-24 21:26:48
2827,용산구,한강로2가 250-1,37.53142,126.9685,2024-11-24 15:35:55,2024-11-24 21:26:49
2828,용산구,한강로2가 255-6,37.53142,126.9685,2024-11-24 15:35:55,2024-11-24 21:26:49
2829,용산구,한강로2가 352-4,37.53142,126.9685,2024-11-24 15:35:55,2024-11-24 21:26:50
2830,용산구,한강로2가 357-3,37.53142,126.9685,2024-11-24 15:35:55,2024-11-24 21:26:50
2831,용산구,한강로2가 412,37.53142,126.9685,2024-11-24 15:35:55,2024-11-24 21:26:51
2832,용산구,한강로2가 420,37.53142,126.9685,2024-11-24 15:35:55,2024-11-24 21:26:52
2836,용산구,한강로2가 421-2,37.53142,126.9685,2024-11-24 15:35:55,2024-11-24 21:26:53
2837,용산구,한강로2가 422-1,37.53142,126.9685,2024-11-24 15:35:55,2024-11-24 21:26:55
2839,용산구,한강로2가 423-5,37.53142,126.9685,2024-11-24 15:35:55,2024-11-24 21:26:57
2840,용산구,한강로3가 13-7,37.52754,126.96297,2024-11-24 15:35:55,2024-11-24 21:26:59
2841,용산구,한강로3가 16-26,37.52754,126.96297,2024-11-24 15:35:55,2024-11-24 21:26:59
2843,용산구,한강로3가 16-60,37.52754,126.96297,2024-11-24 15:35:55,2024-11-24 21:27:01
2844,용산구,한강로3가 3-44,37.52754,126.96297,2024-11-24 15:35:55,2024-11-24 21:27:01
2845,용산구,한강로3가 30-134,37.52754,126.96297,2024-11-24 15:35:55,2024-11-24 21:27:01
2846,용산구,한강로3가 37-4,37.52754,126.96297,2024-11-24 15:35:55,2024-11-24 21:27:02
2847,용산구,한강로3가 40-148,37.52754,126.96297,2024-11-24 15:35:55,2024-11-24 21:27:03
2848,용산구,한강로3가 40-17,37.52754,126.96297,2024-11-24 15:35:55,2024-11-24 21:27:04
2849,용산구,한강로3가 40-19,37.52754,126.96297,2024-11-24 15:35:55,2024-11-24 21:27:05
2850,용산구,한강로3가 40-879,37.52754,126.96297,2024-11-24 15:35:55,2024-11-24 21:27:05
2851,용산구,한강로3가 40-911,37.52754,126.96297,2024-11-24 15:35:55,2024-11-24 21:27:06
2852,용산구,한강로3가 40-999,37.52754,126.96297,2024-11-24 15:35:55,2024-11-24 21:27:07
2854,용산구,한강로3가 65-154,37.52754,126.96297,2024-11-24 15:35:55,2024-11-24 21:27:08
2855,용산구,한강로3가 65-503,37.52754,126.96297,2024-11-24 15:35:55,2024-11-24 21:27:08
2856,용산구,한강로3가 65-504,37.52754,126.96297,2024-11-24 15:35:55,2024-11-24 21:27:09
2857,용산구,한강로3가 65-522,37.52754,126.96297,2024-11-24 15:35:55,2024-11-24 21:27:09
2858,용산구,한강로3가 65-523,37.52754,126.96297,2024-11-24 15:35:55,2024-11-24 21:27:10
2859,용산구,한강로3가 65-555,37.52754,126.96297,2024-11-24 15:35:55,2024-11-24 21:27:10
2861,용산구,한남동 1-170,37.53822,127.0074,2024-11-24 15:35:55,2024-11-24 21:27:11
2863,용산구,한남동 253-4,37.53822,127.0074,2024-11-24 15:35:55,2024-11-24 21:27:13
2864,용산구,한남동 259-6,37.53822,127.0074,2024-11-24 15:35:55,2024-11-24 21:27:13
2865,용산구,한남동 262-1,37.53822,127.0074,2024-11-24 15:35:55,2024-11-24 21:27:14
2868,용산구,한남동 533-2,37.53822,127.0074,2024-11-24 15:35:55,2024-11-24 21:27:16
2869,용산구,한남동 557-58,37.53822,127.0074,2024-11-24 15:35:55,2024-11-24 21:27:16
2870,용산구,한남동 638-2,37.53822,127.0074,2024-11-24 15:35:55,2024-11-24 21:27:17
2872,용산구,한남동 705-10,37.53822,127.0074,2024-11-24 15:35:55,2024-11-24 21:27:18
2873,용산구,한남동 705-9,37.53822,127.0074,2024-11-24 15:35:55,2024-11-24 21:27:18
2874,용산구,한남동 707-10,37.53822,127.0074,2024-11-24 15:35:55,2024-11-24 21:27:19
2875,용산구,한남동 726-420,37.53822,127.0074,2024-11-24 15:35:55,2024-11-24 21:27:19
2876,용산구,한남동 726-465,37.53822,127.0074,2024-11-24 15:35:55,2024-11-24 21:27:20
2877,용산구,한남동 727-35,37.53822,127.0074,2024-11-24 15:35:55,2024-11-24 21:27:20
2878,용산구,한남동 727-56,37.53822,127.0074,2024-11-24 15:35:55,2024-11-24 21:27:21
2879,용산구,한남동 736-1,37.53822,127.0074,2024-11-24 15:35:55,2024-11-24 21:27:22
2880,용산구,한남동 736-11,37.53822,127.0074,2024-11-24 15:35:55,2024-11-24 21:27:22
2881,용산구,한남동 736-8,37.53822,127.0074,2024-11-24 15:35:55,2024-11-24 21:27:23
2882,용산구,한남동 737-4,37.53822,127.0074,2024-11-24 15:35:55,2024-11-24 21:27:23
2883,용산구,한남동 739-1,37.53822,127.0074,2024-11-24 15:35:55,2024-11-24 21:27:24
2884,용산구,한남동 739-16,37.53822,127.0074,2024-11-24 15:35:55,2024-11-24 21:27:25
2885,용산구,한남동 76-16,37.53822,127.0074,2024-11-24 15:35:55,2024-11-24 21:27:25
2889,용산구,효창동 126-22,37.54341,126.96037,2024-11-24 15:35:55,2024-11-24 21:27:27
2890,용산구,효창동 188-1,37.54341,126.96037,2024-11-24 15:35:55,2024-11-24 21:27:28
2891,용산구,효창동 251-3,37.54341,126.96037,2024-11-24 15:35:55,2024-11-24 21:27:29
2892,용산구,효창동 5-36,37.54341,126.96037,2024-11-24 15:35:55,2024-11-24 21:27:29
2893,용산구,효창동 70-11,37.54341,126.96037,2024-11-24 15:35:55,2024-11-24 21:27:30
2894,용산구,후암동 100-1,37.55011,126.98028,2024-11-24 15:35:55,2024-11-24 21:27:30
2895,용산구,후암동 105-192,37.55011,126.98028,2024-11-24 15:35:55,2024-11-24 21:27:31
2897,용산구,후암동 214-4,37.55011,126.98028,2024-11-24 15:35:55,2024-11-24 21:27:32
2898,용산구,후암동 244-4,37.55011,126.98028,2024-11-24 15:35:55,2024-11-24 21:27:33
2899,용산구,후암동 244-5,37.55011,126.98028,2024-11-24 15:35:55,2024-11-24 21:27:33
2900,용산구,후암동 251-16,37.55011,126.98028,2024-11-24 15:35:55,2024-11-24 21:27:34
2901,용산구,후암동 262-3,37.55011,126.98028,2024-11-24 15:35:55,2024-11-24 21:27:35
2902,용산구,후암동 30-84,37.55011,126.98028,2024-11-24 15:35:55,2024-11-24 21:27:36
2903,용산구,후암동 406-101,37.55011,126.98028,2024-11-24 15:35:55,2024-11-24 21:27:36
2904,용산구,후암동 406-98,37.5482443556878,126.973519324619,2024-11-24 15:35:55,2024-11-24 21:27:37
2905,용산구,후암동 63-1,37.55011,126.98028,2024-11-24 15:35:55,2024-11-24 21:27:38
2906,용산구,후암동 77,37.55011,126.98028,2024-11-24 15:35:55,2024-11-24 21:27:38
